distance_km,walking,bike,e-bike,e-scooter,bus (city),bus (coach),tram/light rail,metro/urban rail,intercity rail,brt (rapid bus),carpool (3+),car (2 pax),car (solo/taxi),rideshare pooled,ferry,plane (domestic),plane (intl)
0,8.78,8.73,9.32,9.27,6.38,0.0,6.31,3.0,0.0,0.0,6.75,6.14,3.79,5.73,0.0,0.0,0.0
5,2.94,9.36,9.95,9.73,9.37,0.0,9.29,9.15,0.0,9.59,8.47,7.53,4.28,7.97,0.0,0.0,0.0
10,2.94,9.31,9.85,9.63,9.38,0.0,9.3,9.2,0.0,9.6,8.46,7.53,4.28,7.98,4.3,0.0,0.0
15,2.93,9.29,9.82,9.6,9.39,0.0,9.3,9.21,0.0,9.6,8.45,7.53,4.28,7.99,4.32,0.0,0.0
20,2.92,9.12,9.65,9.44,9.25,9.63,9.17,9.1,0.0,9.46,8.34,7.44,4.26,7.89,4.31,0.0,0.0
25,2.91,9.11,9.63,9.42,9.24,9.63,9.16,9.09,0.0,9.45,8.33,7.43,4.26,7.88,4.32,0.0,0.0
30,0.0,3.01,7.99,6.42,8.02,9.63,8.29,8.59,0.0,8.96,6.93,6.29,3.86,6.57,4.11,0.0,0.0
35,0.0,3.0,7.94,0.0,8.01,9.63,8.28,8.58,0.0,8.95,6.92,6.29,3.86,6.56,4.13,0.0,0.0
40,0.0,2.99,7.91,0.0,8.01,9.63,8.27,8.58,0.0,8.94,6.91,6.28,3.86,6.56,4.15,0.0,0.0
45,0.0,2.99,7.88,0.0,8.0,9.63,0.0,8.58,0.0,8.93,6.9,6.27,3.86,6.56,4.16,0.0,0.0
50,0.0,2.98,7.72,0.0,7.87,9.52,0.0,8.47,9.1,8.8,6.79,6.18,3.83,6.46,4.14,0.0,0.0
55,0.0,0.0,3.71,0.0,5.46,9.43,0.0,7.71,9.1,8.04,3.03,2.9,2.25,2.8,3.85,0.0,0.0
60,0.0,0.0,3.64,0.0,5.44,9.43,0.0,7.7,9.1,8.02,3.0,2.88,2.24,2.79,3.87,0.0,0.0
65,0.0,0.0,0.0,0.0,5.42,9.42,0.0,0.0,9.1,8.0,2.98,2.86,2.23,2.79,3.88,0.0,0.0
70,0.0,0.0,0.0,0.0,5.4,9.41,0.0,0.0,9.1,7.99,2.96,2.84,2.22,2.78,3.89,0.0,0.0
75,0.0,0.0,0.0,0.0,5.39,9.41,0.0,0.0,9.1,7.97,2.95,2.83,2.21,2.77,3.9,0.0,0.0
80,0.0,0.0,0.0,0.0,5.37,9.4,0.0,0.0,9.1,7.96,2.93,2.81,2.2,2.77,3.9,0.0,0.0
85,0.0,0.0,0.0,0.0,5.36,9.4,0.0,0.0,9.11,7.94,2.92,2.8,2.2,2.76,3.91,0.0,0.0
90,0.0,0.0,0.0,0.0,5.34,9.39,0.0,0.0,9.11,7.93,2.91,2.79,2.19,2.75,3.92,0.0,0.0
95,0.0,0.0,0.0,0.0,5.33,9.39,0.0,0.0,9.11,7.92,2.89,2.78,2.18,2.75,3.92,0.0,0.0
100,0.0,0.0,0.0,0.0,5.32,9.39,0.0,0.0,9.11,7.91,2.88,2.77,2.18,2.74,3.93,0.0,0.0
105,0.0,0.0,0.0,0.0,5.3,9.38,0.0,0.0,9.11,7.9,2.87,2.76,2.17,2.73,3.93,0.0,0.0
110,0.0,0.0,0.0,0.0,5.29,9.38,0.0,0.0,9.11,7.89,2.86,2.75,2.16,2.73,3.94,0.0,0.0
115,0.0,0.0,0.0,0.0,5.28,9.38,0.0,0.0,9.11,7.88,2.85,2.74,2.16,2.72,3.94,0.0,0.0
120,0.0,0.0,0.0,0.0,5.27,9.38,0.0,0.0,9.11,7.87,2.84,2.73,2.15,2.71,3.95,0.0,0.0
125,0.0,0.0,0.0,0.0,5.26,9.37,0.0,0.0,9.11,7.86,2.83,2.72,2.15,2.71,3.95,0.0,0.0
130,0.0,0.0,0.0,0.0,5.25,9.37,0.0,0.0,9.12,7.85,2.82,2.71,2.14,2.7,3.95,0.0,0.0
135,0.0,0.0,0.0,0.0,5.24,9.37,0.0,0.0,9.12,7.85,2.81,2.7,2.14,2.69,3.96,0.0,0.0
140,0.0,0.0,0.0,0.0,5.22,9.37,0.0,0.0,9.12,7.84,2.8,2.69,2.13,2.69,3.96,0.0,0.0
145,0.0,0.0,0.0,0.0,5.21,9.37,0.0,0.0,9.12,7.83,2.79,2.69,2.13,2.68,3.96,0.0,0.0
150,0.0,0.0,0.0,0.0,5.2,9.37,0.0,0.0,9.12,7.82,2.78,2.68,2.13,2.68,3.97,0.0,0.0
155,0.0,0.0,0.0,0.0,5.19,9.36,0.0,0.0,9.12,7.82,2.77,2.67,2.12,2.67,3.97,0.0,0.0
160,0.0,0.0,0.0,0.0,5.18,9.36,0.0,0.0,9.12,7.81,2.77,2.66,2.12,2.66,3.97,0.0,0.0
165,0.0,0.0,0.0,0.0,5.17,9.36,0.0,0.0,9.12,7.8,2.76,2.65,2.11,2.66,3.97,0.0,0.0
170,0.0,0.0,0.0,0.0,5.17,9.36,0.0,0.0,9.12,7.8,2.75,2.65,2.11,2.65,3.98,0.0,0.0
175,0.0,0.0,0.0,0.0,5.16,9.36,0.0,0.0,9.13,7.79,2.74,2.64,2.11,2.64,3.98,0.0,0.0
180,0.0,0.0,0.0,0.0,5.15,9.36,0.0,0.0,9.13,7.78,2.73,2.63,2.1,2.64,3.98,0.0,0.0
185,0.0,0.0,0.0,0.0,5.14,9.35,0.0,0.0,9.13,7.78,2.73,2.63,2.1,2.63,3.98,0.0,0.0
190,0.0,0.0,0.0,0.0,5.13,9.35,0.0,0.0,9.13,7.77,2.72,2.62,2.09,2.63,3.99,0.0,0.0
195,0.0,0.0,0.0,0.0,5.12,9.35,0.0,0.0,9.13,7.76,2.71,2.61,2.09,2.62,3.99,0.0,0.0
200,0.0,0.0,0.0,0.0,5.11,9.35,0.0,0.0,9.13,7.76,2.7,2.61,2.09,2.61,3.99,0.0,0.0
205,0.0,0.0,0.0,0.0,5.1,9.35,0.0,0.0,9.13,7.75,2.7,2.6,2.08,2.61,3.99,0.0,0.0
210,0.0,0.0,0.0,0.0,5.09,9.35,0.0,0.0,9.13,7.74,2.69,2.59,2.08,2.6,3.99,0.0,0.0
215,0.0,0.0,0.0,0.0,5.08,9.35,0.0,0.0,9.13,7.74,2.68,2.59,2.08,2.6,4.0,0.0,0.0
220,0.0,0.0,0.0,0.0,5.07,9.35,0.0,0.0,9.14,7.73,2.67,2.58,2.07,2.59,4.0,0.0,0.0
225,0.0,0.0,0.0,0.0,5.07,9.35,0.0,0.0,9.14,7.73,2.67,2.57,2.07,2.58,4.0,0.0,0.0
230,0.0,0.0,0.0,0.0,5.06,9.34,0.0,0.0,9.14,7.72,2.66,2.57,2.06,2.58,4.0,0.0,0.0
235,0.0,0.0,0.0,0.0,5.05,9.34,0.0,0.0,9.14,7.71,2.65,2.56,2.06,2.57,4.0,0.0,0.0
240,0.0,0.0,0.0,0.0,5.04,9.34,0.0,0.0,9.14,7.71,2.65,2.55,2.06,2.57,4.01,0.0,0.0
245,0.0,0.0,0.0,0.0,5.03,9.34,0.0,0.0,9.14,7.7,2.64,2.55,2.05,2.56,4.01,0.0,0.0
250,0.0,0.0,0.0,0.0,4.76,8.94,0.0,0.0,8.79,7.29,2.63,2.54,2.05,2.56,3.89,1.37,0.0
255,0.0,0.0,0.0,0.0,4.75,8.94,0.0,0.0,8.79,7.28,2.62,2.53,2.04,2.55,3.89,1.37,0.0
260,0.0,0.0,0.0,0.0,4.74,8.93,0.0,0.0,8.79,7.27,2.61,2.52,2.04,2.54,3.89,1.37,0.0
265,0.0,0.0,0.0,0.0,4.73,8.93,0.0,0.0,8.78,7.26,2.61,2.52,2.04,2.54,3.9,1.37,0.0
270,0.0,0.0,0.0,0.0,4.72,8.92,0.0,0.0,8.78,7.25,2.6,2.51,2.03,2.53,3.9,1.38,0.0
275,0.0,0.0,0.0,0.0,4.7,8.92,0.0,0.0,8.78,7.24,2.6,2.51,2.03,2.53,3.9,1.38,0.0
280,0.0,0.0,0.0,0.0,4.69,8.91,0.0,0.0,8.78,7.23,2.59,2.5,2.03,2.52,3.9,1.38,0.0
285,0.0,0.0,0.0,0.0,4.68,8.91,0.0,0.0,8.77,7.23,2.58,2.5,2.02,2.52,3.9,1.38,0.0
290,0.0,0.0,0.0,0.0,4.68,8.9,0.0,0.0,8.77,7.22,2.58,2.49,2.02,2.51,3.9,1.38,0.0
295,0.0,0.0,0.0,0.0,4.67,8.9,0.0,0.0,8.77,7.21,2.57,2.48,2.02,2.51,3.9,1.39,0.0
300,0.0,0.0,0.0,0.0,4.66,8.89,0.0,0.0,8.77,7.2,2.56,2.48,2.01,2.5,3.9,1.39,0.0
305,0.0,0.0,0.0,0.0,4.65,8.89,0.0,0.0,8.76,7.19,2.56,2.47,2.01,2.5,3.9,1.39,0.0
310,0.0,0.0,0.0,0.0,4.64,8.88,0.0,0.0,8.76,7.18,2.55,2.47,2.01,2.49,3.9,1.39,0.0
315,0.0,0.0,0.0,0.0,4.63,8.88,0.0,0.0,8.76,7.17,2.55,2.46,2.01,2.48,3.9,1.39,0.0
320,0.0,0.0,0.0,0.0,4.62,8.87,0.0,0.0,8.76,7.16,2.54,2.46,2.0,2.48,3.9,1.39,0.0
325,0.0,0.0,0.0,0.0,4.61,8.87,0.0,0.0,8.75,7.16,2.53,2.45,2.0,2.47,3.9,1.4,0.0
330,0.0,0.0,0.0,0.0,4.6,8.86,0.0,0.0,8.75,7.15,2.53,2.45,2.0,2.47,3.9,1.4,0.0
335,0.0,0.0,0.0,0.0,4.59,8.86,0.0,0.0,8.75,7.14,2.52,2.44,1.99,2.46,3.9,1.4,0.0
340,0.0,0.0,0.0,0.0,4.58,8.85,0.0,0.0,8.75,7.13,2.52,2.43,1.99,2.46,3.9,1.4,0.0
345,0.0,0.0,0.0,0.0,4.57,8.85,0.0,0.0,8.74,7.12,2.51,2.43,1.99,2.45,3.9,1.4,0.0
350,0.0,0.0,0.0,0.0,4.56,8.85,0.0,0.0,8.74,7.11,2.51,2.42,1.98,2.45,3.9,1.4,0.0
355,0.0,0.0,0.0,0.0,4.56,8.84,0.0,0.0,8.74,7.11,2.5,2.42,1.98,2.44,3.9,1.41,0.0
360,0.0,0.0,0.0,0.0,4.55,8.84,0.0,0.0,8.74,7.1,2.49,2.41,1.98,2.44,3.9,1.41,0.0
365,0.0,0.0,0.0,0.0,4.54,8.83,0.0,0.0,8.74,7.09,2.49,2.41,1.98,2.43,3.9,1.41,0.0
370,0.0,0.0,0.0,0.0,4.53,8.83,0.0,0.0,8.73,7.08,2.48,2.4,1.97,2.43,3.9,1.41,0.0
375,0.0,0.0,0.0,0.0,4.52,8.83,0.0,0.0,8.73,7.08,2.48,2.4,1.97,2.42,3.91,1.41,0.0
380,0.0,0.0,0.0,0.0,4.51,8.82,0.0,0.0,8.73,7.07,2.47,2.39,1.97,2.42,3.91,1.42,0.0
385,0.0,0.0,0.0,0.0,4.5,8.82,0.0,0.0,8.73,7.06,2.47,2.39,1.96,2.41,3.91,1.42,0.0
390,0.0,0.0,0.0,0.0,4.5,8.81,0.0,0.0,8.73,7.05,2.46,2.38,1.96,2.41,3.91,1.42,0.0
395,0.0,0.0,0.0,0.0,4.49,8.81,0.0,0.0,8.73,7.05,2.45,2.38,1.96,2.4,3.91,1.42,0.0
400,0.0,0.0,0.0,0.0,4.48,8.81,0.0,0.0,8.72,7.04,2.45,2.37,1.95,2.4,3.91,1.42,0.0
405,0.0,0.0,0.0,0.0,4.47,8.8,0.0,0.0,8.72,7.03,2.44,2.37,1.95,2.39,3.91,1.42,0.0
410,0.0,0.0,0.0,0.0,4.46,8.8,0.0,0.0,8.72,7.02,2.44,2.36,1.95,2.39,3.91,1.43,0.0
415,0.0,0.0,0.0,0.0,4.45,8.8,0.0,0.0,8.72,7.02,2.43,2.36,1.95,2.38,3.91,1.43,0.0
420,0.0,0.0,0.0,0.0,4.45,8.79,0.0,0.0,8.72,7.01,2.43,2.35,1.94,2.38,3.91,1.43,0.0
425,0.0,0.0,0.0,0.0,4.44,8.79,0.0,0.0,8.72,7.0,2.42,2.35,1.94,2.37,3.91,1.43,0.0
430,0.0,0.0,0.0,0.0,4.43,8.78,0.0,0.0,8.71,7.0,2.42,2.34,1.94,2.37,3.91,1.43,0.0
435,0.0,0.0,0.0,0.0,4.42,8.78,0.0,0.0,8.71,6.99,2.41,2.34,1.93,2.36,3.91,1.44,0.0
440,0.0,0.0,0.0,0.0,4.42,8.78,0.0,0.0,8.71,6.98,2.41,2.33,1.93,2.36,3.91,1.44,0.0
445,0.0,0.0,0.0,0.0,4.41,8.77,0.0,0.0,8.71,6.97,2.4,2.33,1.93,2.35,3.91,1.44,0.0
450,0.0,0.0,0.0,0.0,4.4,8.77,0.0,0.0,8.71,6.97,2.4,2.32,1.93,2.35,3.91,1.44,0.0
455,0.0,0.0,0.0,0.0,4.39,8.77,0.0,0.0,8.71,6.96,2.39,2.32,1.92,2.34,3.91,1.44,0.0
460,0.0,0.0,0.0,0.0,4.38,8.76,0.0,0.0,8.71,6.95,2.39,2.31,1.92,2.34,3.92,1.44,0.0
465,0.0,0.0,0.0,0.0,4.38,8.76,0.0,0.0,8.7,6.95,2.38,2.31,1.92,2.33,3.92,1.45,0.0
470,0.0,0.0,0.0,0.0,4.37,8.76,0.0,0.0,8.7,6.94,2.38,2.31,1.92,2.33,3.92,1.45,0.0
475,0.0,0.0,0.0,0.0,4.36,8.75,0.0,0.0,8.7,6.93,2.37,2.3,1.91,2.32,3.92,1.45,0.0
480,0.0,0.0,0.0,0.0,4.35,8.75,0.0,0.0,8.7,6.93,2.37,2.3,1.91,2.32,3.92,1.45,0.0
485,0.0,0.0,0.0,0.0,4.35,8.75,0.0,0.0,8.7,6.92,2.36,2.29,1.91,2.31,3.92,1.45,0.0
490,0.0,0.0,0.0,0.0,4.34,8.74,0.0,0.0,8.7,6.91,2.36,2.29,1.9,2.31,3.92,1.46,0.0
495,0.0,0.0,0.0,0.0,4.33,8.74,0.0,0.0,8.7,6.91,2.35,2.28,1.9,2.31,3.92,1.46,0.0
500,0.0,0.0,0.0,0.0,4.32,8.74,0.0,0.0,8.7,6.9,2.35,2.28,1.9,2.3,3.92,1.46,0.0
505,0.0,0.0,0.0,0.0,4.32,8.73,0.0,0.0,8.69,6.89,2.34,2.27,1.9,2.3,3.92,1.46,0.0
510,0.0,0.0,0.0,0.0,4.31,8.73,0.0,0.0,8.69,6.89,2.34,2.27,1.89,2.29,3.92,1.46,0.0
515,0.0,0.0,0.0,0.0,4.3,8.73,0.0,0.0,8.69,6.88,2.33,2.26,1.89,2.29,3.92,1.47,0.0
520,0.0,0.0,0.0,0.0,4.29,8.73,0.0,0.0,8.69,6.87,2.33,2.26,1.89,2.28,3.92,1.47,0.0
525,0.0,0.0,0.0,0.0,4.29,8.72,0.0,0.0,8.69,6.87,2.32,2.26,1.89,2.28,3.92,1.47,0.0
530,0.0,0.0,0.0,0.0,4.28,8.72,0.0,0.0,8.69,6.86,2.32,2.25,1.88,2.27,3.92,1.47,0.0
535,0.0,0.0,0.0,0.0,4.27,8.72,0.0,0.0,8.69,6.86,2.31,2.25,1.88,2.27,3.93,1.47,0.0
540,0.0,0.0,0.0,0.0,4.27,8.71,0.0,0.0,8.69,6.85,2.31,2.24,1.88,2.26,3.93,1.48,0.0
545,0.0,0.0,0.0,0.0,4.26,8.71,0.0,0.0,8.68,6.84,2.3,2.24,1.88,2.26,3.93,1.48,0.0
550,0.0,0.0,0.0,0.0,4.25,8.71,0.0,0.0,8.68,6.84,2.3,2.23,1.87,2.26,3.93,1.48,0.0
555,0.0,0.0,0.0,0.0,4.25,8.7,0.0,0.0,8.68,6.83,2.29,2.23,1.87,2.25,3.93,1.48,0.0
560,0.0,0.0,0.0,0.0,4.24,8.7,0.0,0.0,8.68,6.82,2.29,2.22,1.87,2.25,3.93,1.48,0.0
565,0.0,0.0,0.0,0.0,4.23,8.7,0.0,0.0,8.68,6.82,2.28,2.22,1.87,2.24,3.93,1.49,0.0
570,0.0,0.0,0.0,0.0,4.22,8.7,0.0,0.0,8.68,6.81,2.28,2.22,1.86,2.24,3.93,1.49,0.0
575,0.0,0.0,0.0,0.0,4.22,8.69,0.0,0.0,8.68,6.81,2.27,2.21,1.86,2.23,3.93,1.49,0.0
580,0.0,0.0,0.0,0.0,4.21,8.69,0.0,0.0,8.68,6.8,2.27,2.21,1.86,2.23,3.93,1.49,0.0
585,0.0,0.0,0.0,0.0,4.2,8.69,0.0,0.0,8.67,6.79,2.26,2.2,1.85,2.22,3.93,1.49,0.0
590,0.0,0.0,0.0,0.0,4.2,8.68,0.0,0.0,8.67,6.79,2.26,2.2,1.85,2.22,3.93,1.5,0.0
595,0.0,0.0,0.0,0.0,4.19,8.68,0.0,0.0,8.67,6.78,2.26,2.19,1.85,2.22,3.93,1.5,0.0
600,0.0,0.0,0.0,0.0,4.18,8.68,0.0,0.0,8.67,6.77,2.25,2.19,1.85,2.21,3.93,1.5,0.0
605,0.0,0.0,0.0,0.0,4.18,8.67,0.0,0.0,8.67,6.77,2.25,2.19,1.84,2.21,3.93,1.5,0.0
610,0.0,0.0,0.0,0.0,4.17,8.67,0.0,0.0,8.67,6.76,2.24,2.18,1.84,2.2,3.93,1.5,0.0
615,0.0,0.0,0.0,0.0,4.16,8.67,0.0,0.0,8.67,6.76,2.24,2.18,1.84,2.2,3.94,1.51,0.0
620,0.0,0.0,0.0,0.0,4.16,8.67,0.0,0.0,8.67,6.75,2.23,2.17,1.84,2.2,3.94,1.51,0.0
625,0.0,0.0,0.0,0.0,4.15,8.66,0.0,0.0,8.67,6.74,2.23,2.17,1.83,2.19,3.94,1.51,0.0
630,0.0,0.0,0.0,0.0,4.14,8.66,0.0,0.0,8.67,6.74,2.22,2.17,1.83,2.19,3.94,1.51,0.0
635,0.0,0.0,0.0,0.0,4.14,8.66,0.0,0.0,8.66,6.73,2.22,2.16,1.83,2.18,3.94,1.51,0.0
640,0.0,0.0,0.0,0.0,4.13,8.65,0.0,0.0,8.66,6.73,2.22,2.16,1.83,2.18,3.94,1.52,0.0
645,0.0,0.0,0.0,0.0,4.12,8.65,0.0,0.0,8.66,6.72,2.21,2.15,1.82,2.17,3.94,1.52,0.0
650,0.0,0.0,0.0,0.0,4.12,8.65,0.0,0.0,8.66,6.72,2.21,2.15,1.82,2.17,3.94,1.52,0.0
655,0.0,0.0,0.0,0.0,4.11,8.65,0.0,0.0,8.66,6.71,2.2,2.15,1.82,2.17,3.94,1.52,0.0
660,0.0,0.0,0.0,0.0,4.1,8.64,0.0,0.0,8.66,6.7,2.2,2.14,1.82,2.16,3.94,1.52,0.0
665,0.0,0.0,0.0,0.0,4.1,8.64,0.0,0.0,8.66,6.7,2.19,2.14,1.82,2.16,3.94,1.53,0.0
670,0.0,0.0,0.0,0.0,4.09,8.64,0.0,0.0,8.66,6.69,2.19,2.13,1.81,2.15,3.94,1.53,0.0
675,0.0,0.0,0.0,0.0,4.09,8.64,0.0,0.0,8.66,6.69,2.19,2.13,1.81,2.15,3.94,1.53,0.0
680,0.0,0.0,0.0,0.0,4.08,8.63,0.0,0.0,8.66,6.68,2.18,2.13,1.81,2.15,3.94,1.53,0.0
685,0.0,0.0,0.0,0.0,4.07,8.63,0.0,0.0,8.65,6.67,2.18,2.12,1.81,2.14,3.95,1.53,0.0
690,0.0,0.0,0.0,0.0,4.07,8.63,0.0,0.0,8.65,6.67,2.17,2.12,1.8,2.14,3.95,1.54,0.0
695,0.0,0.0,0.0,0.0,4.06,8.62,0.0,0.0,8.65,6.66,2.17,2.11,1.8,2.13,3.95,1.54,0.0
700,0.0,0.0,0.0,0.0,4.05,8.62,0.0,0.0,8.65,6.66,2.16,2.11,1.8,2.13,3.95,1.54,0.0
705,0.0,0.0,0.0,0.0,4.05,8.62,0.0,0.0,8.65,6.65,2.16,2.11,1.8,2.13,3.95,1.54,0.0
710,0.0,0.0,0.0,0.0,4.04,8.62,0.0,0.0,8.65,6.65,2.16,2.1,1.79,2.12,3.95,1.55,0.0
715,0.0,0.0,0.0,0.0,4.03,8.61,0.0,0.0,8.65,6.64,2.15,2.1,1.79,2.12,3.95,1.55,0.0
720,0.0,0.0,0.0,0.0,4.03,8.61,0.0,0.0,8.65,6.63,2.15,2.09,1.79,2.11,3.95,1.55,0.0
725,0.0,0.0,0.0,0.0,4.02,8.61,0.0,0.0,8.65,6.63,2.14,2.09,1.79,2.11,3.95,1.55,0.0
730,0.0,0.0,0.0,0.0,4.02,8.61,0.0,0.0,8.65,6.62,2.14,2.09,1.78,2.11,3.95,1.55,0.0
735,0.0,0.0,0.0,0.0,4.01,8.6,0.0,0.0,8.65,6.62,2.14,2.08,1.78,2.1,3.95,1.56,0.0
740,0.0,0.0,0.0,0.0,4.0,8.6,0.0,0.0,8.64,6.61,2.13,2.08,1.78,2.1,3.95,1.56,0.0
745,0.0,0.0,0.0,0.0,4.0,8.6,0.0,0.0,8.64,6.61,2.13,2.08,1.78,2.1,3.95,1.56,0.0
750,0.0,0.0,0.0,0.0,3.99,8.6,0.0,0.0,8.64,6.6,2.12,2.07,1.78,2.09,3.95,1.56,0.0
755,0.0,0.0,0.0,0.0,3.99,8.59,0.0,0.0,8.64,6.6,2.12,2.07,1.77,2.09,3.95,1.56,0.0
760,0.0,0.0,0.0,0.0,3.98,8.59,0.0,0.0,8.64,6.59,2.12,2.06,1.77,2.08,3.96,1.57,0.0
765,0.0,0.0,0.0,0.0,3.97,8.59,0.0,0.0,8.64,6.58,2.11,2.06,1.77,2.08,3.96,1.57,0.0
770,0.0,0.0,0.0,0.0,3.97,8.58,0.0,0.0,8.64,6.58,2.11,2.06,1.77,2.08,3.96,1.57,0.0
775,0.0,0.0,0.0,0.0,3.96,8.58,0.0,0.0,8.64,6.57,2.1,2.05,1.76,2.07,3.96,1.57,0.0
780,0.0,0.0,0.0,0.0,3.96,8.58,0.0,0.0,8.64,6.57,2.1,2.05,1.76,2.07,3.96,1.58,0.0
785,0.0,0.0,0.0,0.0,3.95,8.58,0.0,0.0,8.64,6.56,2.1,2.05,1.76,2.06,3.96,1.58,0.0
790,0.0,0.0,0.0,0.0,3.94,8.57,0.0,0.0,8.64,6.56,2.09,2.04,1.76,2.06,3.96,1.58,0.0
795,0.0,0.0,0.0,0.0,3.94,8.57,0.0,0.0,8.63,6.55,2.09,2.04,1.75,2.06,3.96,1.58,0.0
800,0.0,0.0,0.0,0.0,3.93,8.57,0.0,0.0,8.63,6.55,2.08,2.04,1.75,2.05,3.96,1.58,0.0
805,0.0,0.0,0.0,0.0,3.93,8.57,0.0,0.0,8.63,6.54,2.08,2.03,1.75,2.05,3.96,1.59,0.0
810,0.0,0.0,0.0,0.0,3.92,8.56,0.0,0.0,8.63,6.54,2.08,2.03,1.75,2.05,3.96,1.59,0.0
815,0.0,0.0,0.0,0.0,3.92,8.56,0.0,0.0,8.63,6.53,2.07,2.02,1.75,2.04,3.96,1.59,0.0
820,0.0,0.0,0.0,0.0,3.91,8.56,0.0,0.0,8.63,6.52,2.07,2.02,1.74,2.04,3.96,1.59,0.0
825,0.0,0.0,0.0,0.0,3.9,8.56,0.0,0.0,8.63,6.52,2.07,2.02,1.74,2.04,3.96,1.6,0.0
830,0.0,0.0,0.0,0.0,3.9,8.55,0.0,0.0,8.63,6.51,2.06,2.01,1.74,2.03,3.97,1.6,0.0
835,0.0,0.0,0.0,0.0,3.89,8.55,0.0,0.0,8.63,6.51,2.06,2.01,1.74,2.03,3.97,1.6,0.0
840,0.0,0.0,0.0,0.0,3.89,8.55,0.0,0.0,8.63,6.5,2.05,2.01,1.73,2.02,3.97,1.6,0.0
845,0.0,0.0,0.0,0.0,3.88,8.55,0.0,0.0,8.63,6.5,2.05,2.0,1.73,2.02,3.97,1.61,0.0
850,0.0,0.0,0.0,0.0,3.88,8.54,0.0,0.0,8.63,6.49,2.05,2.0,1.73,2.02,3.97,1.61,0.0
855,0.0,0.0,0.0,0.0,3.87,8.54,0.0,0.0,8.62,6.49,2.04,2.0,1.73,2.01,3.97,1.61,0.0
860,0.0,0.0,0.0,0.0,3.86,8.54,0.0,0.0,8.62,6.48,2.04,1.99,1.73,2.01,3.97,1.61,0.0
865,0.0,0.0,0.0,0.0,3.86,8.54,0.0,0.0,8.62,6.48,2.04,1.99,1.72,2.01,3.97,1.61,0.0
870,0.0,0.0,0.0,0.0,3.85,8.53,0.0,0.0,8.62,6.47,2.03,1.99,1.72,2.0,3.97,1.62,0.0
875,0.0,0.0,0.0,0.0,3.85,8.53,0.0,0.0,8.62,6.47,2.03,1.98,1.72,2.0,3.97,1.62,0.0
880,0.0,0.0,0.0,0.0,3.84,8.53,0.0,0.0,8.62,6.46,2.02,1.98,1.72,2.0,3.97,1.62,0.0
885,0.0,0.0,0.0,0.0,3.84,8.53,0.0,0.0,8.62,6.46,2.02,1.98,1.71,1.99,3.97,1.62,0.0
890,0.0,0.0,0.0,0.0,3.83,8.52,0.0,0.0,8.62,6.45,2.02,1.97,1.71,1.99,3.97,1.63,0.0
895,0.0,0.0,0.0,0.0,3.83,8.52,0.0,0.0,8.62,6.45,2.01,1.97,1.71,1.99,3.97,1.63,0.0
900,0.0,0.0,0.0,0.0,3.82,8.52,0.0,0.0,8.62,6.44,2.01,1.97,1.71,1.98,3.98,1.63,0.0
905,0.0,0.0,0.0,0.0,3.81,8.52,0.0,0.0,8.62,6.44,2.01,1.96,1.71,1.98,3.98,1.63,0.0
910,0.0,0.0,0.0,0.0,3.81,8.51,0.0,0.0,8.62,6.43,2.0,1.96,1.7,1.98,3.98,1.64,0.0
915,0.0,0.0,0.0,0.0,3.8,8.51,0.0,0.0,8.61,6.42,2.0,1.96,1.7,1.97,3.98,1.64,0.0
920,0.0,0.0,0.0,0.0,3.8,8.51,0.0,0.0,8.61,6.42,2.0,1.95,1.7,1.97,3.98,1.64,0.0
925,0.0,0.0,0.0,0.0,3.79,8.51,0.0,0.0,8.61,6.41,1.99,1.95,1.7,1.97,3.98,1.64,0.0
930,0.0,0.0,0.0,0.0,3.79,8.5,0.0,0.0,8.61,6.41,1.99,1.95,1.7,1.96,3.98,1.65,0.0
935,0.0,0.0,0.0,0.0,3.78,8.5,0.0,0.0,8.61,6.4,1.99,1.94,1.69,1.96,3.98,1.65,0.0
940,0.0,0.0,0.0,0.0,3.78,8.5,0.0,0.0,8.61,6.4,1.98,1.94,1.69,1.96,3.98,1.65,0.0
945,0.0,0.0,0.0,0.0,3.77,8.5,0.0,0.0,8.61,6.39,1.98,1.94,1.69,1.95,3.98,1.65,0.0
950,0.0,0.0,0.0,0.0,3.77,8.49,0.0,0.0,8.61,6.39,1.98,1.93,1.69,1.95,3.98,1.66,0.0
955,0.0,0.0,0.0,0.0,3.76,8.49,0.0,0.0,8.61,6.38,1.97,1.93,1.69,1.95,3.98,1.66,0.0
960,0.0,0.0,0.0,0.0,3.76,8.49,0.0,0.0,8.61,6.38,1.97,1.93,1.68,1.94,3.98,1.66,0.0
965,0.0,0.0,0.0,0.0,3.75,8.49,0.0,0.0,8.61,6.37,1.96,1.92,1.68,1.94,3.98,1.66,0.0
970,0.0,0.0,0.0,0.0,3.74,8.48,0.0,0.0,8.61,6.37,1.96,1.92,1.68,1.94,3.99,1.67,0.0
975,0.0,0.0,0.0,0.0,3.74,8.48,0.0,0.0,8.61,6.36,1.96,1.92,1.68,1.93,3.99,1.67,0.0
980,0.0,0.0,0.0,0.0,3.73,8.48,0.0,0.0,8.6,6.36,1.95,1.91,1.68,1.93,3.99,1.67,0.0
985,0.0,0.0,0.0,0.0,3.73,8.48,0.0,0.0,8.6,6.35,1.95,1.91,1.67,1.93,3.99,1.67,0.0
990,0.0,0.0,0.0,0.0,3.72,8.48,0.0,0.0,8.6,6.35,1.95,1.91,1.67,1.92,3.99,1.68,0.0
995,0.0,0.0,0.0,0.0,3.72,8.47,0.0,0.0,8.6,6.34,1.94,1.9,1.67,1.92,3.99,1.68,0.0
1000,0.0,0.0,0.0,0.0,3.71,8.47,0.0,0.0,8.6,6.34,1.94,1.9,1.67,1.92,3.99,1.68,6.16
1005,0.0,0.0,0.0,0.0,3.71,8.47,0.0,0.0,8.6,6.33,1.94,1.9,1.66,1.91,3.99,1.68,6.16
1010,0.0,0.0,0.0,0.0,3.7,8.47,0.0,0.0,8.6,6.33,1.93,1.9,1.66,1.91,3.99,1.69,6.17
1015,0.0,0.0,0.0,0.0,3.7,8.46,0.0,0.0,8.6,6.32,1.93,1.89,1.66,1.91,3.99,1.69,6.17
1020,0.0,0.0,0.0,0.0,3.69,8.46,0.0,0.0,8.6,6.32,1.93,1.89,1.66,1.9,3.99,1.69,6.18
1025,0.0,0.0,0.0,0.0,3.69,8.46,0.0,0.0,8.6,6.31,1.92,1.89,1.66,1.9,3.99,1.69,6.18
1030,0.0,0.0,0.0,0.0,3.68,8.46,0.0,0.0,8.6,6.31,1.92,1.88,1.65,1.9,3.99,1.7,6.19
1035,0.0,0.0,0.0,0.0,3.68,8.45,0.0,0.0,8.6,6.3,1.92,1.88,1.65,1.89,4.0,1.7,6.19
1040,0.0,0.0,0.0,0.0,3.67,8.45,0.0,0.0,8.6,6.3,1.91,1.88,1.65,1.89,4.0,1.7,6.19
1045,0.0,0.0,0.0,0.0,3.67,8.45,0.0,0.0,8.59,6.29,1.91,1.87,1.65,1.89,4.0,1.7,6.2
1050,0.0,0.0,0.0,0.0,3.66,8.45,0.0,0.0,8.59,6.29,1.91,1.87,1.65,1.89,4.0,1.71,6.2
1055,0.0,0.0,0.0,0.0,3.66,8.44,0.0,0.0,8.59,6.28,1.91,1.87,1.64,1.88,4.0,1.71,6.21
1060,0.0,0.0,0.0,0.0,3.65,8.44,0.0,0.0,8.59,6.28,1.9,1.86,1.64,1.88,4.0,1.71,6.21
1065,0.0,0.0,0.0,0.0,3.65,8.44,0.0,0.0,8.59,6.27,1.9,1.86,1.64,1.88,4.0,1.71,6.22
1070,0.0,0.0,0.0,0.0,3.64,8.44,0.0,0.0,8.59,6.27,1.9,1.86,1.64,1.87,4.0,1.72,6.22
1075,0.0,0.0,0.0,0.0,3.64,8.43,0.0,0.0,8.59,6.27,1.89,1.86,1.64,1.87,4.0,1.72,6.22
1080,0.0,0.0,0.0,0.0,3.63,8.43,0.0,0.0,8.59,6.26,1.89,1.85,1.64,1.87,4.0,1.72,6.23
1085,0.0,0.0,0.0,0.0,3.63,8.43,0.0,0.0,8.59,6.26,1.89,1.85,1.63,1.86,4.0,1.73,6.23
1090,0.0,0.0,0.0,0.0,3.62,8.43,0.0,0.0,8.59,6.25,1.88,1.85,1.63,1.86,4.0,1.73,6.24
1095,0.0,0.0,0.0,0.0,3.62,8.43,0.0,0.0,8.59,6.25,1.88,1.84,1.63,1.86,4.0,1.73,6.24
1100,0.0,0.0,0.0,0.0,3.61,8.42,0.0,0.0,8.59,6.24,1.88,1.84,1.63,1.86,4.0,1.73,6.25
1105,0.0,0.0,0.0,0.0,3.61,8.42,0.0,0.0,8.59,6.24,1.87,1.84,1.63,1.85,4.01,1.74,6.25
1110,0.0,0.0,0.0,0.0,3.6,8.42,0.0,0.0,8.59,6.23,1.87,1.84,1.62,1.85,4.01,1.74,6.26
1115,0.0,0.0,0.0,0.0,3.6,8.42,0.0,0.0,8.58,6.23,1.87,1.83,1.62,1.85,4.01,1.74,6.26
1120,0.0,0.0,0.0,0.0,3.59,8.41,0.0,0.0,8.58,6.22,1.86,1.83,1.62,1.84,4.01,1.74,6.26
1125,0.0,0.0,0.0,0.0,3.59,8.41,0.0,0.0,8.58,6.22,1.86,1.83,1.62,1.84,4.01,1.75,6.27
1130,0.0,0.0,0.0,0.0,3.58,8.41,0.0,0.0,8.58,6.21,1.86,1.82,1.62,1.84,4.01,1.75,6.27
1135,0.0,0.0,0.0,0.0,3.58,8.41,0.0,0.0,8.58,6.21,1.86,1.82,1.61,1.83,4.01,1.75,6.28
1140,0.0,0.0,0.0,0.0,3.58,8.4,0.0,0.0,8.58,6.2,1.85,1.82,1.61,1.83,4.01,1.76,6.28
1145,0.0,0.0,0.0,0.0,3.57,8.4,0.0,0.0,8.58,6.2,1.85,1.82,1.61,1.83,4.01,1.76,6.29
1150,0.0,0.0,0.0,0.0,3.57,8.4,0.0,0.0,8.58,6.19,1.85,1.81,1.61,1.83,4.01,1.76,6.29
1155,0.0,0.0,0.0,0.0,3.56,8.4,0.0,0.0,8.58,6.19,1.84,1.81,1.61,1.82,4.01,1.76,6.3
1160,0.0,0.0,0.0,0.0,3.56,8.4,0.0,0.0,8.58,6.18,1.84,1.81,1.6,1.82,4.01,1.77,6.3
1165,0.0,0.0,0.0,0.0,3.55,8.39,0.0,0.0,8.58,6.18,1.84,1.8,1.6,1.82,4.01,1.77,6.31
1170,0.0,0.0,0.0,0.0,3.55,8.39,0.0,0.0,8.58,6.17,1.83,1.8,1.6,1.81,4.02,1.77,6.31
1175,0.0,0.0,0.0,0.0,3.54,8.39,0.0,0.0,8.58,6.17,1.83,1.8,1.6,1.81,4.02,1.77,6.31
1180,0.0,0.0,0.0,0.0,3.54,8.39,0.0,0.0,8.58,6.17,1.83,1.8,1.6,1.81,4.02,1.78,6.32
1185,0.0,0.0,0.0,0.0,3.53,8.38,0.0,0.0,8.57,6.16,1.83,1.79,1.6,1.81,4.02,1.78,6.32
1190,0.0,0.0,0.0,0.0,3.53,8.38,0.0,0.0,8.57,6.16,1.82,1.79,1.59,1.8,4.02,1.78,6.33
1195,0.0,0.0,0.0,0.0,3.52,8.38,0.0,0.0,8.57,6.15,1.82,1.79,1.59,1.8,4.02,1.79,6.33
1200,0.0,0.0,0.0,0.0,3.52,8.38,0.0,0.0,8.57,6.15,1.82,1.78,1.59,1.8,4.02,1.79,6.34
1205,0.0,0.0,0.0,0.0,3.51,8.37,0.0,0.0,8.57,6.14,1.81,1.78,1.59,1.79,4.02,1.79,6.34
1210,0.0,0.0,0.0,0.0,3.51,8.37,0.0,0.0,8.57,6.14,1.81,1.78,1.59,1.79,4.02,1.79,6.35
1215,0.0,0.0,0.0,0.0,3.51,8.37,0.0,0.0,8.57,6.13,1.81,1.78,1.58,1.79,4.02,1.8,6.35
1220,0.0,0.0,0.0,0.0,3.5,8.37,0.0,0.0,8.57,6.13,1.81,1.77,1.58,1.79,4.02,1.8,6.36
1225,0.0,0.0,0.0,0.0,3.5,8.37,0.0,0.0,8.57,6.12,1.8,1.77,1.58,1.78,4.02,1.8,6.36
1230,0.0,0.0,0.0,0.0,3.49,8.36,0.0,0.0,8.57,6.12,1.8,1.77,1.58,1.78,4.02,1.81,6.36
1235,0.0,0.0,0.0,0.0,3.49,8.36,0.0,0.0,8.57,6.11,1.8,1.77,1.58,1.78,4.02,1.81,6.37
1240,0.0,0.0,0.0,0.0,3.48,8.36,0.0,0.0,8.57,6.11,1.79,1.76,1.58,1.77,4.03,1.81,6.37
1245,0.0,0.0,0.0,0.0,3.48,8.36,0.0,0.0,8.57,6.11,1.79,1.76,1.57,1.77,4.03,1.82,6.38
1250,0.0,0.0,0.0,0.0,3.47,8.35,0.0,0.0,8.57,6.1,1.79,1.76,1.57,1.77,4.03,1.82,6.38
1255,0.0,0.0,0.0,0.0,3.47,8.35,0.0,0.0,8.56,6.1,1.79,1.75,1.57,1.77,4.03,1.82,6.39
1260,0.0,0.0,0.0,0.0,3.46,8.35,0.0,0.0,8.56,6.09,1.78,1.75,1.57,1.76,4.03,1.82,6.39
1265,0.0,0.0,0.0,0.0,3.46,8.35,0.0,0.0,8.56,6.09,1.78,1.75,1.57,1.76,4.03,1.83,6.4
1270,0.0,0.0,0.0,0.0,3.46,8.35,0.0,0.0,8.56,6.08,1.78,1.75,1.56,1.76,4.03,1.83,6.4
1275,0.0,0.0,0.0,0.0,3.45,8.34,0.0,0.0,8.56,6.08,1.77,1.74,1.56,1.76,4.03,1.83,6.41
1280,0.0,0.0,0.0,0.0,3.45,8.34,0.0,0.0,8.56,6.07,1.77,1.74,1.56,1.75,4.03,1.84,6.41
1285,0.0,0.0,0.0,0.0,3.44,8.34,0.0,0.0,8.56,6.07,1.77,1.74,1.56,1.75,4.03,1.84,6.42
1290,0.0,0.0,0.0,0.0,3.44,8.34,0.0,0.0,8.56,6.06,1.77,1.74,1.56,1.75,4.03,1.84,6.42
1295,0.0,0.0,0.0,0.0,3.43,8.33,0.0,0.0,8.56,6.06,1.76,1.73,1.56,1.75,4.03,1.85,6.43
1300,0.0,0.0,0.0,0.0,3.43,8.33,0.0,0.0,8.56,6.06,1.76,1.73,1.55,1.74,4.03,1.85,6.43
1305,0.0,0.0,0.0,0.0,3.43,8.33,0.0,0.0,8.56,6.05,1.76,1.73,1.55,1.74,4.04,1.85,6.43
1310,0.0,0.0,0.0,0.0,3.42,8.33,0.0,0.0,8.56,6.05,1.75,1.73,1.55,1.74,4.04,1.85,6.44
1315,0.0,0.0,0.0,0.0,3.42,8.32,0.0,0.0,8.56,6.04,1.75,1.72,1.55,1.73,4.04,1.86,6.44
1320,0.0,0.0,0.0,0.0,3.41,8.32,0.0,0.0,8.56,6.04,1.75,1.72,1.55,1.73,4.04,1.86,6.45
1325,0.0,0.0,0.0,0.0,3.41,8.32,0.0,0.0,8.56,6.03,1.75,1.72,1.55,1.73,4.04,1.86,6.45
1330,0.0,0.0,0.0,0.0,3.4,8.32,0.0,0.0,8.55,6.03,1.74,1.72,1.54,1.73,4.04,1.87,6.46
1335,0.0,0.0,0.0,0.0,3.4,8.32,0.0,0.0,8.55,6.02,1.74,1.71,1.54,1.72,4.04,1.87,6.46
1340,0.0,0.0,0.0,0.0,3.4,8.31,0.0,0.0,8.55,6.02,1.74,1.71,1.54,1.72,4.04,1.87,6.47
1345,0.0,0.0,0.0,0.0,3.39,8.31,0.0,0.0,8.55,6.02,1.74,1.71,1.54,1.72,4.04,1.88,6.47
1350,0.0,0.0,0.0,0.0,3.39,8.31,0.0,0.0,8.55,6.01,1.73,1.71,1.54,1.72,4.04,1.88,6.48
1355,0.0,0.0,0.0,0.0,3.38,8.31,0.0,0.0,8.55,6.01,1.73,1.7,1.53,1.71,4.04,1.88,6.48
1360,0.0,0.0,0.0,0.0,3.38,8.3,0.0,0.0,8.55,6.0,1.73,1.7,1.53,1.71,4.04,1.89,6.49
1365,0.0,0.0,0.0,0.0,3.37,8.3,0.0,0.0,8.55,6.0,1.73,1.7,1.53,1.71,4.04,1.89,6.49
1370,0.0,0.0,0.0,0.0,3.37,8.3,0.0,0.0,8.55,5.99,1.72,1.7,1.53,1.71,4.05,1.89,6.5
1375,0.0,0.0,0.0,0.0,3.37,8.3,0.0,0.0,8.55,5.99,1.72,1.69,1.53,1.7,4.05,1.9,6.5
1380,0.0,0.0,0.0,0.0,3.36,8.3,0.0,0.0,8.55,5.99,1.72,1.69,1.53,1.7,4.05,1.9,6.51
1385,0.0,0.0,0.0,0.0,3.36,8.29,0.0,0.0,8.55,5.98,1.72,1.69,1.52,1.7,4.05,1.9,6.51
1390,0.0,0.0,0.0,0.0,3.35,8.29,0.0,0.0,8.55,5.98,1.71,1.69,1.52,1.7,4.05,1.91,6.52
1395,0.0,0.0,0.0,0.0,3.35,8.29,0.0,0.0,8.55,5.97,1.71,1.68,1.52,1.69,4.05,1.91,6.52
1400,0.0,0.0,0.0,0.0,3.34,8.29,0.0,0.0,8.55,5.97,1.71,1.68,1.52,1.69,4.05,1.91,6.53
1405,0.0,0.0,0.0,0.0,3.34,8.28,0.0,0.0,8.54,5.96,1.7,1.68,1.52,1.69,4.05,1.92,6.53
1410,0.0,0.0,0.0,0.0,3.34,8.28,0.0,0.0,8.54,5.96,1.7,1.68,1.52,1.69,4.05,1.92,6.54
1415,0.0,0.0,0.0,0.0,3.33,8.28,0.0,0.0,8.54,5.95,1.7,1.67,1.51,1.68,4.05,1.92,6.54
1420,0.0,0.0,0.0,0.0,3.33,8.28,0.0,0.0,8.54,5.95,1.7,1.67,1.51,1.68,4.05,1.93,6.55
1425,0.0,0.0,0.0,0.0,3.32,8.28,0.0,0.0,8.54,5.95,1.69,1.67,1.51,1.68,4.05,1.93,6.55
1430,0.0,0.0,0.0,0.0,3.32,8.27,0.0,0.0,8.54,5.94,1.69,1.67,1.51,1.68,4.05,1.93,6.55
1435,0.0,0.0,0.0,0.0,3.32,8.27,0.0,0.0,8.54,5.94,1.69,1.66,1.51,1.67,4.06,1.94,6.56
1440,0.0,0.0,0.0,0.0,3.31,8.27,0.0,0.0,8.54,5.93,1.69,1.66,1.51,1.67,4.06,1.94,6.56
1445,0.0,0.0,0.0,0.0,3.31,8.27,0.0,0.0,8.54,5.93,1.68,1.66,1.5,1.67,4.06,1.94,6.57
1450,0.0,0.0,0.0,0.0,3.3,8.27,0.0,0.0,8.54,5.92,1.68,1.66,1.5,1.67,4.06,1.95,6.57
1455,0.0,0.0,0.0,0.0,3.3,8.26,0.0,0.0,8.54,5.92,1.68,1.65,1.5,1.66,4.06,1.95,6.58
1460,0.0,0.0,0.0,0.0,3.3,8.26,0.0,0.0,8.54,5.92,1.68,1.65,1.5,1.66,4.06,1.95,6.58
1465,0.0,0.0,0.0,0.0,3.29,8.26,0.0,0.0,8.54,5.91,1.67,1.65,1.5,1.66,4.06,1.96,6.59
1470,0.0,0.0,0.0,0.0,3.29,8.26,0.0,0.0,8.54,5.91,1.67,1.65,1.5,1.66,4.06,1.96,6.59
1475,0.0,0.0,0.0,0.0,3.28,8.25,0.0,0.0,8.54,5.9,1.67,1.65,1.49,1.65,4.06,1.96,6.6
1480,0.0,0.0,0.0,0.0,3.28,8.25,0.0,0.0,8.53,5.9,1.67,1.64,1.49,1.65,4.06,1.97,6.6
1485,0.0,0.0,0.0,0.0,3.28,8.25,0.0,0.0,8.53,5.9,1.66,1.64,1.49,1.65,4.06,1.97,6.61
1490,0.0,0.0,0.0,0.0,3.27,8.25,0.0,0.0,8.53,5.89,1.66,1.64,1.49,1.65,4.06,1.97,6.61
1495,0.0,0.0,0.0,0.0,3.27,8.25,0.0,0.0,8.53,5.89,1.66,1.64,1.49,1.65,4.06,1.98,6.62
1500,0.0,0.0,0.0,0.0,3.26,8.24,0.0,0.0,8.53,5.88,1.66,1.63,1.49,1.64,4.07,1.98,6.62
1505,0.0,0.0,0.0,0.0,3.26,8.24,0.0,0.0,0.0,5.88,1.66,1.63,1.49,1.64,4.07,1.98,6.63
1510,0.0,0.0,0.0,0.0,3.26,8.24,0.0,0.0,0.0,5.87,1.65,1.63,1.48,1.64,4.07,1.99,6.63
1515,0.0,0.0,0.0,0.0,3.25,8.24,0.0,0.0,0.0,5.87,1.65,1.63,1.48,1.64,4.07,1.99,6.64
1520,0.0,0.0,0.0,0.0,3.25,8.23,0.0,0.0,0.0,5.87,1.65,1.62,1.48,1.63,4.07,1.99,6.64
1525,0.0,0.0,0.0,0.0,3.24,8.23,0.0,0.0,0.0,5.86,1.65,1.62,1.48,1.63,4.07,2.0,6.65
1530,0.0,0.0,0.0,0.0,3.24,8.23,0.0,0.0,0.0,5.86,1.64,1.62,1.48,1.63,4.07,2.0,6.65
1535,0.0,0.0,0.0,0.0,3.24,8.23,0.0,0.0,0.0,5.85,1.64,1.62,1.48,1.63,4.07,2.01,6.66
1540,0.0,0.0,0.0,0.0,3.23,8.23,0.0,0.0,0.0,5.85,1.64,1.62,1.47,1.62,4.07,2.01,6.66
1545,0.0,0.0,0.0,0.0,3.23,8.22,0.0,0.0,0.0,5.84,1.64,1.61,1.47,1.62,4.07,2.01,6.67
1550,0.0,0.0,0.0,0.0,3.22,8.22,0.0,0.0,0.0,5.84,1.63,1.61,1.47,1.62,4.07,2.02,6.67
1555,0.0,0.0,0.0,0.0,3.22,8.22,0.0,0.0,0.0,5.84,1.63,1.61,1.47,1.62,4.07,2.02,6.68
1560,0.0,0.0,0.0,0.0,3.22,8.22,0.0,0.0,0.0,5.83,1.63,1.61,1.47,1.62,4.07,2.02,6.68
1565,0.0,0.0,0.0,0.0,3.21,8.22,0.0,0.0,0.0,5.83,1.63,1.6,1.47,1.61,4.08,2.03,6.69
1570,0.0,0.0,0.0,0.0,3.21,8.21,0.0,0.0,0.0,5.82,1.62,1.6,1.46,1.61,4.08,2.03,6.69
1575,0.0,0.0,0.0,0.0,3.21,8.21,0.0,0.0,0.0,5.82,1.62,1.6,1.46,1.61,4.08,2.03,6.7
1580,0.0,0.0,0.0,0.0,3.2,8.21,0.0,0.0,0.0,5.82,1.62,1.6,1.46,1.61,4.08,2.04,6.7
1585,0.0,0.0,0.0,0.0,3.2,8.21,0.0,0.0,0.0,5.81,1.62,1.6,1.46,1.6,4.08,2.04,6.71
1590,0.0,0.0,0.0,0.0,3.19,8.2,0.0,0.0,0.0,5.81,1.62,1.59,1.46,1.6,4.08,2.05,6.72
1595,0.0,0.0,0.0,0.0,3.19,8.2,0.0,0.0,0.0,5.8,1.61,1.59,1.46,1.6,4.08,2.05,6.72
1600,0.0,0.0,0.0,0.0,3.19,8.2,0.0,0.0,0.0,5.8,1.61,1.59,1.46,1.6,4.08,2.05,6.73
1605,0.0,0.0,0.0,0.0,3.18,8.2,0.0,0.0,0.0,5.8,1.61,1.59,1.45,1.6,4.08,2.06,6.73
1610,0.0,0.0,0.0,0.0,3.18,8.2,0.0,0.0,0.0,5.79,1.61,1.58,1.45,1.59,4.08,2.06,6.74
1615,0.0,0.0,0.0,0.0,3.18,8.19,0.0,0.0,0.0,5.79,1.6,1.58,1.45,1.59,4.08,2.06,6.74
1620,0.0,0.0,0.0,0.0,3.17,8.19,0.0,0.0,0.0,5.78,1.6,1.58,1.45,1.59,4.08,2.07,6.75
1625,0.0,0.0,0.0,0.0,3.17,8.19,0.0,0.0,0.0,5.78,1.6,1.58,1.45,1.59,4.08,2.07,6.75
1630,0.0,0.0,0.0,0.0,3.16,8.19,0.0,0.0,0.0,5.78,1.6,1.58,1.45,1.58,4.09,2.08,6.76
1635,0.0,0.0,0.0,0.0,3.16,8.19,0.0,0.0,0.0,5.77,1.59,1.57,1.44,1.58,4.09,2.08,6.76
1640,0.0,0.0,0.0,0.0,3.16,8.18,0.0,0.0,0.0,5.77,1.59,1.57,1.44,1.58,4.09,2.08,6.77
1645,0.0,0.0,0.0,0.0,3.15,8.18,0.0,0.0,0.0,5.76,1.59,1.57,1.44,1.58,4.09,2.09,6.77
1650,0.0,0.0,0.0,0.0,3.15,8.18,0.0,0.0,0.0,5.76,1.59,1.57,1.44,1.58,4.09,2.09,6.78
1655,0.0,0.0,0.0,0.0,3.15,8.18,0.0,0.0,0.0,5.76,1.59,1.57,1.44,1.57,4.09,2.1,6.78
1660,0.0,0.0,0.0,0.0,3.14,8.17,0.0,0.0,0.0,5.75,1.58,1.56,1.44,1.57,4.09,2.1,6.79
1665,0.0,0.0,0.0,0.0,3.14,8.17,0.0,0.0,0.0,5.75,1.58,1.56,1.44,1.57,4.09,2.1,6.79
1670,0.0,0.0,0.0,0.0,3.14,8.17,0.0,0.0,0.0,5.74,1.58,1.56,1.43,1.57,4.09,2.11,6.8
1675,0.0,0.0,0.0,0.0,3.13,8.17,0.0,0.0,0.0,5.74,1.58,1.56,1.43,1.56,4.09,2.11,6.8
1680,0.0,0.0,0.0,0.0,3.13,8.17,0.0,0.0,0.0,5.74,1.57,1.55,1.43,1.56,4.09,2.12,6.81
1685,0.0,0.0,0.0,0.0,3.12,8.16,0.0,0.0,0.0,5.73,1.57,1.55,1.43,1.56,4.09,2.12,6.81
1690,0.0,0.0,0.0,0.0,3.12,8.16,0.0,0.0,0.0,5.73,1.57,1.55,1.43,1.56,4.1,2.12,6.82
1695,0.0,0.0,0.0,0.0,3.12,8.16,0.0,0.0,0.0,5.72,1.57,1.55,1.43,1.56,4.1,2.13,6.82
1700,0.0,0.0,0.0,0.0,3.11,8.16,0.0,0.0,0.0,5.72,1.57,1.55,1.43,1.55,4.1,2.13,6.83
1705,0.0,0.0,0.0,0.0,3.11,8.16,0.0,0.0,0.0,5.72,1.56,1.54,1.42,1.55,4.1,2.14,6.84
1710,0.0,0.0,0.0,0.0,3.11,8.15,0.0,0.0,0.0,5.71,1.56,1.54,1.42,1.55,4.1,2.14,6.84
1715,0.0,0.0,0.0,0.0,3.1,8.15,0.0,0.0,0.0,5.71,1.56,1.54,1.42,1.55,4.1,2.14,6.85
1720,0.0,0.0,0.0,0.0,3.1,8.15,0.0,0.0,0.0,5.7,1.56,1.54,1.42,1.55,4.1,2.15,6.85
1725,0.0,0.0,0.0,0.0,3.1,8.15,0.0,0.0,0.0,5.7,1.56,1.54,1.42,1.54,4.1,2.15,6.86
1730,0.0,0.0,0.0,0.0,3.09,8.15,0.0,0.0,0.0,5.7,1.55,1.53,1.42,1.54,4.1,2.16,6.86
1735,0.0,0.0,0.0,0.0,3.09,8.14,0.0,0.0,0.0,5.69,1.55,1.53,1.41,1.54,4.1,2.16,6.87
1740,0.0,0.0,0.0,0.0,3.09,8.14,0.0,0.0,0.0,5.69,1.55,1.53,1.41,1.54,4.1,2.17,6.87
1745,0.0,0.0,0.0,0.0,3.08,8.14,0.0,0.0,0.0,5.68,1.55,1.53,1.41,1.54,4.1,2.17,6.88
1750,0.0,0.0,0.0,0.0,3.08,8.14,0.0,0.0,0.0,5.68,1.54,1.53,1.41,1.53,4.1,2.17,6.88
1755,0.0,0.0,0.0,0.0,3.07,8.14,0.0,0.0,0.0,5.68,1.54,1.52,1.41,1.53,4.11,2.18,6.89
1760,0.0,0.0,0.0,0.0,3.07,8.13,0.0,0.0,0.0,5.67,1.54,1.52,1.41,1.53,4.11,2.18,6.89
1765,0.0,0.0,0.0,0.0,3.07,8.13,0.0,0.0,0.0,5.67,1.54,1.52,1.41,1.53,4.11,2.19,6.9
1770,0.0,0.0,0.0,0.0,3.06,8.13,0.0,0.0,0.0,5.66,1.54,1.52,1.4,1.53,4.11,2.19,6.9
1775,0.0,0.0,0.0,0.0,3.06,8.13,0.0,0.0,0.0,5.66,1.53,1.52,1.4,1.52,4.11,2.2,6.91
1780,0.0,0.0,0.0,0.0,3.06,8.12,0.0,0.0,0.0,5.66,1.53,1.51,1.4,1.52,4.11,2.2,6.92
1785,0.0,0.0,0.0,0.0,3.05,8.12,0.0,0.0,0.0,5.65,1.53,1.51,1.4,1.52,4.11,2.2,6.92
1790,0.0,0.0,0.0,0.0,3.05,8.12,0.0,0.0,0.0,5.65,1.53,1.51,1.4,1.52,4.11,2.21,6.93
1795,0.0,0.0,0.0,0.0,3.05,8.12,0.0,0.0,0.0,5.65,1.53,1.51,1.4,1.52,4.11,2.21,6.93
1800,0.0,0.0,0.0,0.0,3.04,8.12,0.0,0.0,0.0,5.64,1.52,1.51,1.4,1.51,4.11,2.22,6.94
1805,0.0,0.0,0.0,0.0,3.04,8.11,0.0,0.0,0.0,5.64,1.52,1.5,1.39,1.51,4.11,2.22,6.94
1810,0.0,0.0,0.0,0.0,3.04,8.11,0.0,0.0,0.0,5.63,1.52,1.5,1.39,1.51,4.11,2.23,6.95
1815,0.0,0.0,0.0,0.0,3.03,8.11,0.0,0.0,0.0,5.63,1.52,1.5,1.39,1.51,4.11,2.23,6.95
1820,0.0,0.0,0.0,0.0,3.03,8.11,0.0,0.0,0.0,5.63,1.52,1.5,1.39,1.51,4.12,2.24,6.96
1825,0.0,0.0,0.0,0.0,3.03,8.11,0.0,0.0,0.0,5.62,1.51,1.5,1.39,1.5,4.12,2.24,6.96
1830,0.0,0.0,0.0,0.0,3.02,8.1,0.0,0.0,0.0,5.62,1.51,1.49,1.39,1.5,4.12,2.24,6.97
1835,0.0,0.0,0.0,0.0,3.02,8.1,0.0,0.0,0.0,5.61,1.51,1.49,1.39,1.5,4.12,2.25,6.98
1840,0.0,0.0,0.0,0.0,3.02,8.1,0.0,0.0,0.0,5.61,1.51,1.49,1.38,1.5,4.12,2.25,6.98
1845,0.0,0.0,0.0,0.0,3.01,8.1,0.0,0.0,0.0,5.61,1.51,1.49,1.38,1.5,4.12,2.26,6.99
1850,0.0,0.0,0.0,0.0,3.01,8.1,0.0,0.0,0.0,5.6,1.5,1.49,1.38,1.49,4.12,2.26,6.99
1855,0.0,0.0,0.0,0.0,3.01,8.09,0.0,0.0,0.0,5.6,1.5,1.49,1.38,1.49,4.12,2.27,7.0
1860,0.0,0.0,0.0,0.0,3.0,8.09,0.0,0.0,0.0,5.6,1.5,1.48,1.38,1.49,4.12,2.27,7.0
1865,0.0,0.0,0.0,0.0,3.0,8.09,0.0,0.0,0.0,5.59,1.5,1.48,1.38,1.49,4.12,2.28,7.01
1870,0.0,0.0,0.0,0.0,3.0,8.09,0.0,0.0,0.0,5.59,1.5,1.48,1.38,1.49,4.12,2.28,7.01
1875,0.0,0.0,0.0,0.0,2.99,8.09,0.0,0.0,0.0,5.58,1.49,1.48,1.38,1.48,4.12,2.29,7.02
1880,0.0,0.0,0.0,0.0,2.99,8.08,0.0,0.0,0.0,5.58,1.49,1.48,1.37,1.48,4.13,2.29,7.03
1885,0.0,0.0,0.0,0.0,2.99,8.08,0.0,0.0,0.0,5.58,1.49,1.47,1.37,1.48,4.13,2.3,7.03
1890,0.0,0.0,0.0,0.0,2.98,8.08,0.0,0.0,0.0,5.57,1.49,1.47,1.37,1.48,4.13,2.3,7.04
1895,0.0,0.0,0.0,0.0,2.98,8.08,0.0,0.0,0.0,5.57,1.49,1.47,1.37,1.48,4.13,2.3,7.04
1900,0.0,0.0,0.0,0.0,2.98,8.07,0.0,0.0,0.0,5.57,1.48,1.47,1.37,1.47,4.13,2.31,7.05
1905,0.0,0.0,0.0,0.0,2.97,8.07,0.0,0.0,0.0,5.56,1.48,1.47,1.37,1.47,4.13,2.31,7.05
1910,0.0,0.0,0.0,0.0,2.97,8.07,0.0,0.0,0.0,5.56,1.48,1.46,1.37,1.47,4.13,2.32,7.06
1915,0.0,0.0,0.0,0.0,2.97,8.07,0.0,0.0,0.0,5.55,1.48,1.46,1.36,1.47,4.13,2.32,7.07
1920,0.0,0.0,0.0,0.0,2.96,8.07,0.0,0.0,0.0,5.55,1.48,1.46,1.36,1.47,4.13,2.33,7.07
1925,0.0,0.0,0.0,0.0,2.96,8.06,0.0,0.0,0.0,5.55,1.47,1.46,1.36,1.47,4.13,2.33,7.08
1930,0.0,0.0,0.0,0.0,2.96,8.06,0.0,0.0,0.0,5.54,1.47,1.46,1.36,1.46,4.13,2.34,7.08
1935,0.0,0.0,0.0,0.0,2.95,8.06,0.0,0.0,0.0,5.54,1.47,1.46,1.36,1.46,4.13,2.34,7.09
1940,0.0,0.0,0.0,0.0,2.95,8.06,0.0,0.0,0.0,5.54,1.47,1.45,1.36,1.46,4.13,2.35,7.09
1945,0.0,0.0,0.0,0.0,2.95,8.06,0.0,0.0,0.0,5.53,1.47,1.45,1.36,1.46,4.14,2.35,7.1
1950,0.0,0.0,0.0,0.0,2.94,8.05,0.0,0.0,0.0,5.53,1.47,1.45,1.35,1.46,4.14,2.36,7.11
1955,0.0,0.0,0.0,0.0,2.94,8.05,0.0,0.0,0.0,5.52,1.46,1.45,1.35,1.45,4.14,2.36,7.11
1960,0.0,0.0,0.0,0.0,2.94,8.05,0.0,0.0,0.0,5.52,1.46,1.45,1.35,1.45,4.14,2.37,7.12
1965,0.0,0.0,0.0,0.0,2.94,8.05,0.0,0.0,0.0,5.52,1.46,1.44,1.35,1.45,4.14,2.37,7.12
1970,0.0,0.0,0.0,0.0,2.93,8.05,0.0,0.0,0.0,5.51,1.46,1.44,1.35,1.45,4.14,2.38,7.13
1975,0.0,0.0,0.0,0.0,2.93,8.04,0.0,0.0,0.0,5.51,1.46,1.44,1.35,1.45,4.14,2.38,7.13
1980,0.0,0.0,0.0,0.0,2.93,8.04,0.0,0.0,0.0,5.51,1.45,1.44,1.35,1.44,4.14,2.39,7.14
1985,0.0,0.0,0.0,0.0,2.92,8.04,0.0,0.0,0.0,5.5,1.45,1.44,1.35,1.44,4.14,2.39,7.15
1990,0.0,0.0,0.0,0.0,2.92,8.04,0.0,0.0,0.0,5.5,1.45,1.44,1.34,1.44,4.14,2.4,7.15
1995,0.0,0.0,0.0,0.0,2.92,8.04,0.0,0.0,0.0,5.5,1.45,1.43,1.34,1.44,4.14,2.4,7.16
2000,0.0,0.0,0.0,0.0,2.91,8.03,0.0,0.0,0.0,5.49,1.45,1.43,1.34,1.44,4.14,2.41,7.16
2005,0.0,0.0,0.0,0.0,2.91,8.03,0.0,0.0,0.0,5.49,1.44,1.43,1.34,1.44,4.15,2.41,7.17
2010,0.0,0.0,0.0,0.0,2.91,8.03,0.0,0.0,0.0,5.48,1.44,1.43,1.34,1.43,4.15,2.42,7.17
2015,0.0,0.0,0.0,0.0,2.9,8.03,0.0,0.0,0.0,5.48,1.44,1.43,1.34,1.43,4.15,2.43,7.18
2020,0.0,0.0,0.0,0.0,2.9,8.03,0.0,0.0,0.0,5.48,1.44,1.43,1.34,1.43,4.15,2.43,7.19
2025,0.0,0.0,0.0,0.0,2.9,8.02,0.0,0.0,0.0,5.47,1.44,1.42,1.34,1.43,4.15,2.44,7.19
2030,0.0,0.0,0.0,0.0,2.89,8.02,0.0,0.0,0.0,5.47,1.44,1.42,1.33,1.43,4.15,2.44,7.2
2035,0.0,0.0,0.0,0.0,2.89,8.02,0.0,0.0,0.0,5.47,1.43,1.42,1.33,1.43,4.15,2.45,7.2
2040,0.0,0.0,0.0,0.0,2.89,8.02,0.0,0.0,0.0,5.46,1.43,1.42,1.33,1.42,4.15,2.45,7.21
2045,0.0,0.0,0.0,0.0,2.89,8.02,0.0,0.0,0.0,5.46,1.43,1.42,1.33,1.42,4.15,2.46,7.22
2050,0.0,0.0,0.0,0.0,2.88,8.01,0.0,0.0,0.0,5.46,1.43,1.41,1.33,1.42,4.15,2.46,7.22
2055,0.0,0.0,0.0,0.0,2.88,8.01,0.0,0.0,0.0,5.45,1.43,1.41,1.33,1.42,4.15,2.47,7.23
2060,0.0,0.0,0.0,0.0,2.88,8.01,0.0,0.0,0.0,5.45,1.42,1.41,1.33,1.42,4.15,2.47,7.23
2065,0.0,0.0,0.0,0.0,2.87,8.01,0.0,0.0,0.0,5.45,1.42,1.41,1.33,1.41,4.16,2.48,7.24
2070,0.0,0.0,0.0,0.0,2.87,8.01,0.0,0.0,0.0,5.44,1.42,1.41,1.32,1.41,4.16,2.49,7.25
2075,0.0,0.0,0.0,0.0,2.87,8.0,0.0,0.0,0.0,5.44,1.42,1.41,1.32,1.41,4.16,2.49,7.25
2080,0.0,0.0,0.0,0.0,2.86,8.0,0.0,0.0,0.0,5.43,1.42,1.4,1.32,1.41,4.16,2.5,7.26
2085,0.0,0.0,0.0,0.0,2.86,8.0,0.0,0.0,0.0,5.43,1.42,1.4,1.32,1.41,4.16,2.5,7.26
2090,0.0,0.0,0.0,0.0,2.86,8.0,0.0,0.0,0.0,5.43,1.41,1.4,1.32,1.41,4.16,2.51,7.27
2095,0.0,0.0,0.0,0.0,2.85,8.0,0.0,0.0,0.0,5.42,1.41,1.4,1.32,1.4,4.16,2.51,7.28
2100,0.0,0.0,0.0,0.0,2.85,7.99,0.0,0.0,0.0,5.42,1.41,1.4,1.32,1.4,4.16,2.52,7.28
2105,0.0,0.0,0.0,0.0,2.85,7.99,0.0,0.0,0.0,5.42,1.41,1.4,1.31,1.4,4.16,2.52,7.29
2110,0.0,0.0,0.0,0.0,2.85,7.99,0.0,0.0,0.0,5.41,1.41,1.39,1.31,1.4,4.16,2.53,7.29
2115,0.0,0.0,0.0,0.0,2.84,7.99,0.0,0.0,0.0,5.41,1.41,1.39,1.31,1.4,4.16,2.54,7.3
2120,0.0,0.0,0.0,0.0,2.84,7.99,0.0,0.0,0.0,5.41,1.4,1.39,1.31,1.4,4.16,2.54,7.31
2125,0.0,0.0,0.0,0.0,2.84,7.98,0.0,0.0,0.0,5.4,1.4,1.39,1.31,1.39,4.17,2.55,7.31
2130,0.0,0.0,0.0,0.0,2.83,7.98,0.0,0.0,0.0,5.4,1.4,1.39,1.31,1.39,4.17,2.55,7.32
2135,0.0,0.0,0.0,0.0,2.83,7.98,0.0,0.0,0.0,5.4,1.4,1.39,1.31,1.39,4.17,2.56,7.32
2140,0.0,0.0,0.0,0.0,2.83,7.98,0.0,0.0,0.0,5.39,1.4,1.38,1.31,1.39,4.17,2.57,7.33
2145,0.0,0.0,0.0,0.0,2.83,7.98,0.0,0.0,0.0,5.39,1.4,1.38,1.3,1.39,4.17,2.57,7.34
2150,0.0,0.0,0.0,0.0,2.82,7.97,0.0,0.0,0.0,5.39,1.39,1.38,1.3,1.39,4.17,2.58,7.34
2155,0.0,0.0,0.0,0.0,2.82,7.97,0.0,0.0,0.0,5.38,1.39,1.38,1.3,1.38,4.17,2.58,7.35
2160,0.0,0.0,0.0,0.0,2.82,7.97,0.0,0.0,0.0,5.38,1.39,1.38,1.3,1.38,4.17,2.59,7.35
2165,0.0,0.0,0.0,0.0,2.81,7.97,0.0,0.0,0.0,5.37,1.39,1.38,1.3,1.38,4.17,2.6,7.36
2170,0.0,0.0,0.0,0.0,2.81,7.97,0.0,0.0,0.0,5.37,1.39,1.37,1.3,1.38,4.17,2.6,7.37
2175,0.0,0.0,0.0,0.0,2.81,7.96,0.0,0.0,0.0,5.37,1.38,1.37,1.3,1.38,4.17,2.61,7.37
2180,0.0,0.0,0.0,0.0,2.8,7.96,0.0,0.0,0.0,5.36,1.38,1.37,1.3,1.38,4.17,2.61,7.38
2185,0.0,0.0,0.0,0.0,2.8,7.96,0.0,0.0,0.0,5.36,1.38,1.37,1.3,1.37,4.17,2.62,7.38
2190,0.0,0.0,0.0,0.0,2.8,7.96,0.0,0.0,0.0,5.36,1.38,1.37,1.29,1.37,4.18,2.63,7.39
2195,0.0,0.0,0.0,0.0,2.8,7.96,0.0,0.0,0.0,5.35,1.38,1.37,1.29,1.37,4.18,2.63,7.4
2200,0.0,0.0,0.0,0.0,2.79,7.95,0.0,0.0,0.0,5.35,1.38,1.37,1.29,1.37,4.18,2.64,7.4
2205,0.0,0.0,0.0,0.0,2.79,7.95,0.0,0.0,0.0,5.35,1.37,1.36,1.29,1.37,4.18,2.64,7.41
2210,0.0,0.0,0.0,0.0,2.79,7.95,0.0,0.0,0.0,5.34,1.37,1.36,1.29,1.37,4.18,2.65,7.42
2215,0.0,0.0,0.0,0.0,2.78,7.95,0.0,0.0,0.0,5.34,1.37,1.36,1.29,1.36,4.18,2.66,7.42
2220,0.0,0.0,0.0,0.0,2.78,7.95,0.0,0.0,0.0,5.34,1.37,1.36,1.29,1.36,4.18,2.66,7.43
2225,0.0,0.0,0.0,0.0,2.78,7.94,0.0,0.0,0.0,5.33,1.37,1.36,1.29,1.36,4.18,2.67,7.43
2230,0.0,0.0,0.0,0.0,2.78,7.94,0.0,0.0,0.0,5.33,1.37,1.36,1.28,1.36,4.18,2.68,7.44
2235,0.0,0.0,0.0,0.0,2.77,7.94,0.0,0.0,0.0,5.33,1.36,1.35,1.28,1.36,4.18,2.68,7.45
2240,0.0,0.0,0.0,0.0,2.77,7.94,0.0,0.0,0.0,5.32,1.36,1.35,1.28,1.36,4.18,2.69,7.45
2245,0.0,0.0,0.0,0.0,2.77,7.94,0.0,0.0,0.0,5.32,1.36,1.35,1.28,1.35,4.18,2.7,7.46
2250,0.0,0.0,0.0,0.0,2.76,7.93,0.0,0.0,0.0,5.32,1.36,1.35,1.28,1.35,4.19,2.7,7.47
2255,0.0,0.0,0.0,0.0,2.76,7.93,0.0,0.0,0.0,5.32,1.36,1.35,1.28,1.35,4.19,2.7,7.47
2260,0.0,0.0,0.0,0.0,2.76,7.93,0.0,0.0,0.0,5.32,1.36,1.35,1.28,1.35,4.19,2.7,7.47
2265,0.0,0.0,0.0,0.0,2.76,7.93,0.0,0.0,0.0,5.32,1.36,1.35,1.28,1.35,4.19,2.7,7.47
2270,0.0,0.0,0.0,0.0,2.76,7.93,0.0,0.0,0.0,5.32,1.36,1.35,1.28,1.35,4.19,2.7,7.47
2275,0.0,0.0,0.0,0.0,2.76,7.93,0.0,0.0,0.0,5.32,1.36,1.35,1.28,1.35,4.19,2.7,7.47
2280,0.0,0.0,0.0,0.0,2.76,7.93,0.0,0.0,0.0,5.32,1.36,1.35,1.28,1.35,4.19,2.7,7.47
2285,0.0,0.0,0.0,0.0,2.76,7.93,0.0,0.0,0.0,5.32,1.36,1.35,1.28,1.35,4.19,2.7,7.47
2290,0.0,0.0,0.0,0.0,2.76,7.93,0.0,0.0,0.0,5.32,1.36,1.35,1.28,1.35,4.19,2.7,7.47
2295,0.0,0.0,0.0,0.0,2.76,7.93,0.0,0.0,0.0,5.32,1.36,1.35,1.28,1.35,4.19,2.7,7.47
2300,0.0,0.0,0.0,0.0,2.76,7.93,0.0,0.0,0.0,5.32,1.36,1.35,1.28,1.35,4.19,2.7,7.47
2305,0.0,0.0,0.0,0.0,2.76,7.93,0.0,0.0,0.0,5.32,1.36,1.35,1.28,1.35,4.19,2.7,7.47
2310,0.0,0.0,0.0,0.0,2.76,7.93,0.0,0.0,0.0,5.32,1.36,1.35,1.28,1.35,4.19,2.7,7.47
2315,0.0,0.0,0.0,0.0,2.76,7.93,0.0,0.0,0.0,5.32,1.36,1.35,1.28,1.35,4.19,2.7,7.47
2320,0.0,0.0,0.0,0.0,2.76,7.93,0.0,0.0,0.0,5.32,1.36,1.35,1.28,1.35,4.19,2.7,7.47
2325,0.0,0.0,0.0,0.0,2.76,7.93,0.0,0.0,0.0,5.32,1.36,1.35,1.28,1.35,4.19,2.7,7.47
2330,0.0,0.0,0.0,0.0,2.76,7.93,0.0,0.0,0.0,5.32,1.36,1.35,1.28,1.35,4.19,2.7,7.47
2335,0.0,0.0,0.0,0.0,2.76,7.93,0.0,0.0,0.0,5.32,1.36,1.35,1.28,1.35,4.19,2.7,7.47
2340,0.0,0.0,0.0,0.0,2.76,7.93,0.0,0.0,0.0,5.32,1.36,1.35,1.28,1.35,4.19,2.7,7.47
2345,0.0,0.0,0.0,0.0,2.76,7.93,0.0,0.0,0.0,5.31,1.36,1.35,1.28,1.35,4.19,2.7,7.47
2350,0.0,0.0,0.0,0.0,2.76,7.93,0.0,0.0,0.0,5.31,1.36,1.35,1.28,1.35,4.19,2.7,7.47
2355,0.0,0.0,0.0,0.0,2.76,7.93,0.0,0.0,0.0,5.31,1.36,1.35,1.28,1.35,4.19,2.7,7.47
2360,0.0,0.0,0.0,0.0,2.76,7.93,0.0,0.0,0.0,5.31,1.36,1.35,1.28,1.35,4.19,2.7,7.47
2365,0.0,0.0,0.0,0.0,2.76,7.93,0.0,0.0,0.0,5.31,1.36,1.35,1.28,1.35,4.19,2.7,7.47
2370,0.0,0.0,0.0,0.0,2.76,7.93,0.0,0.0,0.0,5.31,1.36,1.35,1.28,1.35,4.19,2.7,7.47
2375,0.0,0.0,0.0,0.0,2.76,7.93,0.0,0.0,0.0,5.31,1.36,1.35,1.28,1.35,4.19,2.7,7.47
2380,0.0,0.0,0.0,0.0,2.76,7.93,0.0,0.0,0.0,5.31,1.36,1.35,1.28,1.35,4.19,2.7,7.47
2385,0.0,0.0,0.0,0.0,2.76,7.93,0.0,0.0,0.0,5.31,1.36,1.35,1.28,1.35,4.19,2.7,7.47
2390,0.0,0.0,0.0,0.0,2.76,7.93,0.0,0.0,0.0,5.31,1.36,1.35,1.28,1.35,4.19,2.7,7.47
2395,0.0,0.0,0.0,0.0,2.76,7.93,0.0,0.0,0.0,5.31,1.36,1.35,1.28,1.35,4.19,2.7,7.47
2400,0.0,0.0,0.0,0.0,2.76,7.93,0.0,0.0,0.0,5.31,1.36,1.35,1.28,1.35,4.19,2.7,7.47
2405,0.0,0.0,0.0,0.0,2.76,7.93,0.0,0.0,0.0,5.31,1.36,1.35,1.28,1.35,4.19,2.7,7.47
2410,0.0,0.0,0.0,0.0,2.76,7.93,0.0,0.0,0.0,5.31,1.36,1.35,1.28,1.35,4.19,2.7,7.47
2415,0.0,0.0,0.0,0.0,2.76,7.93,0.0,0.0,0.0,5.31,1.36,1.35,1.28,1.35,4.19,2.7,7.47
2420,0.0,0.0,0.0,0.0,2.76,7.93,0.0,0.0,0.0,5.31,1.36,1.35,1.28,1.35,4.19,2.7,7.47
2425,0.0,0.0,0.0,0.0,2.76,7.93,0.0,0.0,0.0,5.31,1.36,1.35,1.28,1.35,4.19,2.7,7.47
2430,0.0,0.0,0.0,0.0,2.76,7.93,0.0,0.0,0.0,5.31,1.36,1.35,1.28,1.35,4.19,2.7,7.47
2435,0.0,0.0,0.0,0.0,2.76,7.93,0.0,0.0,0.0,5.31,1.36,1.35,1.28,1.35,4.19,2.7,7.47
2440,0.0,0.0,0.0,0.0,2.76,7.93,0.0,0.0,0.0,5.31,1.36,1.35,1.28,1.35,4.19,2.7,7.47
2445,0.0,0.0,0.0,0.0,2.76,7.93,0.0,0.0,0.0,5.31,1.36,1.35,1.28,1.35,4.19,2.7,7.47
2450,0.0,0.0,0.0,0.0,2.76,7.93,0.0,0.0,0.0,5.31,1.36,1.35,1.28,1.35,4.19,2.7,7.47
2455,0.0,0.0,0.0,0.0,2.76,7.93,0.0,0.0,0.0,5.31,1.36,1.35,1.28,1.35,4.19,2.7,7.47
2460,0.0,0.0,0.0,0.0,2.76,7.93,0.0,0.0,0.0,5.31,1.36,1.35,1.28,1.35,4.19,2.7,7.47
2465,0.0,0.0,0.0,0.0,2.76,7.93,0.0,0.0,0.0,5.31,1.36,1.35,1.28,1.35,4.19,2.7,7.47
2470,0.0,0.0,0.0,0.0,2.76,7.93,0.0,0.0,0.0,5.31,1.36,1.35,1.28,1.35,4.19,2.7,7.47
2475,0.0,0.0,0.0,0.0,2.76,7.93,0.0,0.0,0.0,5.31,1.36,1.35,1.28,1.35,4.18,2.7,7.47
2480,0.0,0.0,0.0,0.0,2.76,7.93,0.0,0.0,0.0,5.31,1.36,1.35,1.28,1.35,4.18,2.7,7.47
2485,0.0,0.0,0.0,0.0,2.76,7.93,0.0,0.0,0.0,5.31,1.36,1.35,1.28,1.35,4.18,2.7,7.47
2490,0.0,0.0,0.0,0.0,2.76,7.93,0.0,0.0,0.0,5.31,1.36,1.35,1.28,1.35,4.18,2.7,7.47
2495,0.0,0.0,0.0,0.0,2.76,7.93,0.0,0.0,0.0,5.31,1.36,1.35,1.28,1.35,4.18,2.7,7.47
2500,0.0,0.0,0.0,0.0,2.76,7.93,0.0,0.0,0.0,5.31,1.36,1.35,1.28,1.35,4.18,2.7,7.47
